{"ldr_min": 0.0, "ldr_max": 0.19, "tvoc_min": 60.0, "tvoc_max": 60.0, "eco2_min": 450.0, "eco2_max": 450.0, "temp_mean": 18.016559278350513, "temp_std": 9.80601088132211, "hum_mean": 56.257989690721644, "hum_std": 27.90976041784404}